Rank,1-2,N,,2-3,N,,str34,N,,str45,N,
1, co,169,(1.89), ar,208,(2.33), re,141,(1.58), es,548,(6.13)
2, re,139,(1.56), in,164,(1.83), in,140,(1.57), ed,398,(4.45)
3, st,134,(1.5), or,159,(1.78), te,133,(1.49), er,367,(4.11)
4, ma,131,(1.47), ra,157,(1.76), le,129,(1.44), ts,293,(3.28)
5, ca,123,(1.38), oo,144,(1.61), ne,119,(1.33), ks,193,(2.16)
6, pa,121,(1.35), ur,143,(1.6), ar,118,(1.32), as,185,(2.07)
7, sh,117,(1.31), an,140,(1.57), ll,116,(1.3), ls,182,(2.04)
8, sa,111,(1.24), ri,138,(1.54), ke,111,(1.24), ns,162,(1.81)
9, bo,109,(1.22), ro,135,(1.51), an,106,(1.19), ds,156,(1.75)
10, ba,108,(1.21), ea,132,(1.48), ve,104,(1.16), ps,129,(1.44)
11, mo,108,(1.21), er,129,(1.44), me,98,(1.1), al,126,(1.41)
12, ta,108,(1.21), la,128,(1.43), se,96,(1.07), os,126,(1.41)
13, ra,105,(1.17), al,125,(1.4), de,95,(1.06), rs,113,(1.26)
14, ch,103,(1.15), ol,118,(1.32), pe,95,(1.06), ly,105,(1.17)
15, to,102,(1.14), on,117,(1.31), il,83,(0.93), se,103,(1.15)
16, ha,100,(1.12), il,116,(1.3), st,82,(0.92), ty,101,(1.13)
17, sp,100,(1.12), en,113,(1.26), ee,81,(0.91), ch,99,(1.11)
18, do,99,(1.11), at,107,(1.2), ng,81,(0.91), is,95,(1.06)
19, la,98,(1.1), ou,106,(1.19), ra,79,(0.88), le,94,(1.05)
20, lo,98,(1.1), el,101,(1.13), ck,78,(0.87), ms,94,(1.05)
21, ho,97,(1.09), lo,101,(1.13), ea,74,(0.83), us,94,(1.05)
22, de,95,(1.06), re,96,(1.07), on,74,(0.83), on,91,(1.02)
23, li,88,(0.98), ai,92,(1.03), ri,70,(0.78), gs,89,(1)
24, so,87,(0.97), hi,89,(1), at,69,(0.77), ky,86,(0.96)
25, be,86,(0.96), ee,88,(0.98), nt,68,(0.76), in,85,(0.95)
26, br,86,(0.96), am,87,(0.97), be,67,(0.75), te,82,(0.92)
27, tr,86,(0.96), ha,87,(0.97), it,67,(0.75), ic,79,(0.88)
28, bu,84,(0.94), as,85,(0.95), we,66,(0.74), fs,76,(0.85)
29, ga,84,(0.94), ir,85,(0.95), tt,65,(0.73), el,75,(0.84)
30, po,83,(0.93), un,84,(0.94), ir,64,(0.72), en,75,(0.84)
31, se,83,(0.93), li,79,(0.88), as,63,(0.7), ry,73,(0.82)
32, mi,82,(0.92), ul,77,(0.86), er,63,(0.7), st,73,(0.82)
33, pe,81,(0.91), ho,76,(0.85), la,63,(0.7), an,71,(0.79)
34, fa,79,(0.88), it,76,(0.85), al,59,(0.66), ar,70,(0.78)
35, pi,78,(0.87), lu,75,(0.84), ot,59,(0.66), dy,69,(0.77)
36, ro,78,(0.87), le,73,(0.82), nd,58,(0.65), et,66,(0.74)
37, di,77,(0.86), he,70,(0.78), ge,57,(0.64), id,66,(0.74)
38, fl,77,(0.86), ac,69,(0.77), ie,57,(0.64), ng,66,(0.74)
39, gr,77,(0.86), ot,69,(0.77), xe,57,(0.64), ey,64,(0.72)
40, cr,76,(0.85), au,68,(0.76), rt,56,(0.63), ck,63,(0.7)
41, wa,76,(0.85), ow,68,(0.76), mp,55,(0.62), ge,63,(0.7)
42, pr,74,(0.83), om,67,(0.75), am,54,(0.6), ne,63,(0.7)
43, te,74,(0.83), et,66,(0.74), nk,54,(0.6), th,62,(0.69)
44, bi,72,(0.81), ad,63,(0.7), oo,54,(0.6), ve,62,(0.69)
45, cl,71,(0.79), us,63,(0.7), is,53,(0.59), re,61,(0.68)
46, sc,71,(0.79), is,61,(0.68), en,52,(0.58), bs,60,(0.67)
47, si,71,(0.79), ru,61,(0.68), ce,51,(0.57), ny,57,(0.64)
48, al,70,(0.78), ap,59,(0.66), ac,50,(0.56), nt,56,(0.63)
49, fi,70,(0.78), av,59,(0.66), ma,50,(0.56), py,53,(0.59)
50, he,69,(0.77), ut,59,(0.66), na,50,(0.56), or,52,(0.58)
51, sl,67,(0.75), um,58,(0.65), or,50,(0.56), sy,52,(0.58)
52, bl,66,(0.74), ag,57,(0.64), ro,50,(0.56), de,51,(0.57)
53, me,65,(0.73), op,56,(0.63), un,50,(0.56), gy,51,(0.57)
54, cu,64,(0.72), ab,55,(0.62), rr,49,(0.55), ws,50,(0.56)
55, le,64,(0.72), ic,55,(0.62), lo,48,(0.54), hs,49,(0.55)
56, pu,63,(0.7), es,53,(0.59), nn,48,(0.54), ie,49,(0.55)
57, wi,63,(0.7), oa,53,(0.59), el,47,(0.53), my,49,(0.55)
58, du,62,(0.69), id,52,(0.58), ta,47,(0.53), it,48,(0.54)
59, mu,62,(0.69), im,52,(0.58), ze,47,(0.53), ce,47,(0.53)
60, dr,60,(0.67), os,51,(0.57), nc,46,(0.51), ta,47,(0.53)
61, gl,59,(0.66), ed,49,(0.55), rk,46,(0.51), ll,44,(0.49)
62, fo,58,(0.65), ak,48,(0.54), ur,46,(0.51), nk,44,(0.49)
63, go,58,(0.65), od,48,(0.54), ai,45,(0.5), ia,43,(0.48)
64, fe,57,(0.64), oi,48,(0.54), ff,45,(0.5), sh,43,(0.48)
65, ri,57,(0.64), aw,47,(0.53), ic,45,(0.5), ot,40,(0.45)
66, th,57,(0.64), ei,47,(0.53), lt,45,(0.5), ra,40,(0.45)
67, un,56,(0.63), ig,46,(0.51), ni,45,(0.5), ee,39,(0.44)
68, da,55,(0.62), og,46,(0.51), ad,44,(0.49), um,39,(0.44)
69, wh,55,(0.62), ec,45,(0.5), li,44,(0.49), il,37,(0.41)
70, na,54,(0.6), iv,45,(0.5), ol,44,(0.49), me,37,(0.41)
71, sw,53,(0.59), em,44,(0.49), rd,43,(0.48), ma,36,(0.4)
72, vi,53,(0.59), uc,42,(0.47), ut,43,(0.48), rt,35,(0.39)
73, ar,52,(0.58), to,40,(0.45), ap,42,(0.47), at,34,(0.38)
74, no,52,(0.58), ub,39,(0.44), rs,42,(0.47), by,34,(0.38)
75, qu,52,(0.58), na,38,(0.43), ul,42,(0.47), ss,34,(0.38)
76, su,52,(0.58), oc,38,(0.43), ye,42,(0.47), ys,34,(0.38)
77, ti,50,(0.56), ui,36,(0.4), ow,41,(0.46), nd,32,(0.36)
78, fr,49,(0.55), ay,35,(0.39), ti,41,(0.46), pe,32,(0.36)
79, gu,49,(0.55), hu,35,(0.39), um,41,(0.46), mp,31,(0.35)
80, pl,48,(0.54), ip,35,(0.39), rn,40,(0.45), ad,30,(0.34)
81, lu,47,(0.53), ud,35,(0.39), di,38,(0.43), la,30,(0.34)
82, sk,47,(0.53), az,34,(0.38), im,38,(0.43), ay,29,(0.32)
83, fu,46,(0.51), ob,33,(0.37), os,38,(0.43), na,29,(0.32)
84, am,45,(0.5), pi,33,(0.37), ss,38,(0.43), pt,29,(0.32)
85, an,45,(0.5), ta,33,(0.37), id,37,(0.41), ke,28,(0.31)
86, sn,45,(0.5), wa,33,(0.37), mb,37,(0.41), ae,27,(0.3)
87, tu,44,(0.49), ew,32,(0.36), ga,36,(0.4), go,27,(0.3)
88, ru,43,(0.48), ie,32,(0.36), mi,36,(0.4), ol,27,(0.3)
89, ka,42,(0.47), ik,32,(0.36), op,36,(0.4), ff,26,(0.29)
90, ne,42,(0.47), eb,31,(0.35), th,36,(0.4), ut,26,(0.29)
91, ki,40,(0.45), no,31,(0.35), us,35,(0.39), ze,26,(0.29)
92, ve,40,(0.45), ua,31,(0.35), rl,34,(0.38), hy,25,(0.28)
93, wo,40,(0.45), ug,31,(0.35), ca,33,(0.37), ue,25,(0.28)
94, gi,39,(0.44), eg,30,(0.34), gg,33,(0.37), he,24,(0.27)
95, ke,39,(0.44), mi,30,(0.34), ou,33,(0.37), to,24,(0.27)
96, ab,38,(0.43), pa,30,(0.34), to,33,(0.37), fy,23,(0.26)
97, ge,38,(0.43), ep,29,(0.32), ch,32,(0.36), gh,23,(0.26)
98, in,38,(0.43), ib,29,(0.32), no,32,(0.36), lt,23,(0.26)
99, ni,38,(0.43), ov,29,(0.32), ok,32,(0.36), ld,22,(0.25)
100, we,37,(0.41), up,29,(0.32), om,32,(0.36), rd,22,(0.25)
101, va,36,(0.4), wi,29,(0.32), pp,32,(0.36), am,21,(0.23)
102, hi,35,(0.39), ia,27,(0.3), ba,31,(0.35), cs,20,(0.22)
103, ce,34,(0.38), if,27,(0.3), ak,30,(0.34), ro,20,(0.22)
104, hu,33,(0.37), ok,27,(0.3), es,30,(0.34), do,19,(0.21)
105, ag,32,(0.36), yr,27,(0.3), mm,30,(0.34), op,19,(0.21)
106, ja,32,(0.36), ni,26,(0.29), pi,30,(0.34), ow,19,(0.21)
107, ju,32,(0.36), ax,25,(0.28), rg,30,(0.34), rn,19,(0.21)
108, jo,30,(0.34), af,24,(0.27), tc,30,(0.34), wn,19,(0.21)
109, vo,29,(0.32), ca,24,(0.27), ue,30,(0.34), ak,18,(0.2)
110, yo,29,(0.32), pe,24,(0.27), ug,30,(0.34), be,18,(0.2)
111, ad,28,(0.31), oy,23,(0.26), gi,29,(0.32), ga,18,(0.2)
112, ac,26,(0.29), te,23,(0.26), ia,29,(0.32), ht,18,(0.2)
113, kn,26,(0.29), uf,23,(0.26), ru,29,(0.32), ir,18,(0.2)
114, sm,25,(0.28), ev,22,(0.25), bb,28,(0.31), ca,17,(0.19)
115, ya,25,(0.28), ex,22,(0.25), bo,28,(0.31), ex,17,(0.19)
116, ap,24,(0.27), ef,21,(0.23), et,28,(0.31), ur,17,(0.19)
117, as,24,(0.27), ix,21,(0.23), if,28,(0.31), zy,17,(0.19)
118, en,24,(0.27), ki,21,(0.23), od,28,(0.31), ah,16,(0.18)
119, ko,24,(0.27), ne,20,(0.22), rm,28,(0.31), ct,16,(0.18)
120, or,24,(0.27), ox,19,(0.21), ag,27,(0.3), ft,16,(0.18)
121, je,23,(0.26), ti,19,(0.21), av,27,(0.3), ix,16,(0.18)
122, wr,23,(0.26), ue,19,(0.21), aw,27,(0.3), up,16,(0.18)
123, ci,22,(0.25), co,18,(0.2), dd,27,(0.3), bo,15,(0.17)
124, tw,22,(0.25), iz,18,(0.2), dg,27,(0.3), ep,15,(0.17)
125, ji,21,(0.23), ma,18,(0.2), ed,27,(0.3), ka,15,(0.17)
126, ye,21,(0.23), mb,18,(0.2), ip,27,(0.3), om,15,(0.17)
127, au,20,(0.22), me,18,(0.2), bi,26,(0.29), rk,14,(0.16)
128, em,20,(0.22), nt,18,(0.2), go,26,(0.29), rl,14,(0.16)
129, ex,20,(0.22), oe,18,(0.2), pa,26,(0.29), so,14,(0.16)
130, zo,20,(0.22), we,18,(0.2), do,25,(0.28), ti,14,(0.16)
131, el,19,(0.21), cu,17,(0.19), ep,25,(0.28), vy,14,(0.16)
132, ur,19,(0.21), io,17,(0.19), ft,25,(0.28), no,13,(0.15)
133, ly,18,(0.2), ke,17,(0.19), ig,25,(0.28), od,13,(0.15)
134, nu,18,(0.2), of,17,(0.19), oi,25,(0.28), pa,13,(0.15)
135, ty,18,(0.2), po,17,(0.19), si,25,(0.28), ph,13,(0.15)
136, cy,17,(0.19), tu,17,(0.19), sk,25,(0.28), ri,13,(0.15)
137, at,16,(0.18), xi,17,(0.19), uc,25,(0.28), rm,13,(0.15)
138, ea,16,(0.18), eu,16,(0.18), vi,25,(0.28), sa,13,(0.15)
139, im,16,(0.18), yl,16,(0.18), gu,24,(0.27), ba,12,(0.13)
140, ai,15,(0.17), bo,15,(0.17), lk,24,(0.27), co,12,(0.13)
141, hy,15,(0.17), cr,15,(0.17), oe,24,(0.27), ea,12,(0.13)
142, ou,15,(0.17), nd,15,(0.17), rc,24,(0.27), ek,12,(0.13)
143, yu,15,(0.17), yn,15,(0.17), yl,24,(0.27), im,12,(0.13)
144, ax,14,(0.16), ch,14,(0.16), da,23,(0.26), ip,12,(0.13)
145, er,14,(0.16), eo,14,(0.16), ld,23,(0.26), lo,12,(0.13)
146, ph,14,(0.16), hr,14,(0.16), po,23,(0.26), mo,12,(0.13)
147, sy,14,(0.16), rg,14,(0.16), co,22,(0.25), ul,12,(0.13)
148, zi,14,(0.16), tr,14,(0.16), ew,22,(0.25), yl,12,(0.13)
149, oc,13,(0.15), yp,14,(0.16), fe,22,(0.25), za,12,(0.13)
150, av,12,(0.13), nc,13,(0.15), oa,22,(0.25), cy,11,(0.12)
151, az,12,(0.13), oz,13,(0.15), oc,22,(0.25), ew,11,(0.12)
152, gy,12,(0.13), uk,13,(0.15), ud,22,(0.25), io,11,(0.12)
153, py,12,(0.13), ve,13,(0.15), gh,21,(0.23), ko,11,(0.12)
154, kr,11,(0.12), ya,13,(0.15), mo,21,(0.23), li,11,(0.12)
155, ku,11,(0.12), hy,12,(0.13), sh,21,(0.23), ok,11,(0.12)
156, my,11,(0.12), mo,12,(0.13), ay,20,(0.22), oo,11,(0.12)
157, ob,11,(0.12), qu,12,(0.13), io,20,(0.22), oy,11,(0.12)
158, od,11,(0.12), ys,12,(0.13), va,20,(0.22), va,11,(0.12)
159, ol,11,(0.12), yt,12,(0.13), cu,19,(0.21), ap,10,(0.11)
160, ov,11,(0.12), ah,11,(0.12), ec,19,(0.21), bi,10,(0.11)
161, ul,11,(0.12), ba,11,(0.12), em,19,(0.21), ci,10,(0.11)
162, aw,10,(0.11), di,11,(0.12), ns,19,(0.21), di,10,(0.11)
163, ed,10,(0.11), do,11,(0.12), rb,19,(0.21), em,10,(0.11)
164, ep,10,(0.11), oh,11,(0.12), tr,19,(0.21), ha,10,(0.11)
165, et,10,(0.11), ry,11,(0.12), af,18,(0.2), mi,10,(0.11)
166, id,10,(0.11), uo,11,(0.12), nu,18,(0.2), tz,10,(0.11)
167, kh,10,(0.11), wo,11,(0.12), wa,18,(0.2), aw,9,(0.1)
168, oa,10,(0.11), ae,10,(0.11), fi,17,(0.19), ax,9,(0.1)
169, op,10,(0.11), aj,10,(0.11), he,17,(0.19), eo,9,(0.1)
170, ze,10,(0.11), ct,10,(0.11), iv,17,(0.19), ik,9,(0.1)
171, es,9,(0.1), ll,10,(0.11), lm,17,(0.19), mb,9,(0.1)
172, ev,9,(0.1), mp,10,(0.11), lp,17,(0.19), rp,9,(0.1)
173, il,9,(0.1), ng,10,(0.11), og,17,(0.19), sm,9,(0.1)
174, ir,9,(0.1), pr,10,(0.11), sa,17,(0.19), un,9,(0.1)
175, um,9,(0.1), pu,10,(0.11), up,17,(0.19), ac,8,(0.09)
176, up,9,(0.1), uz,10,(0.11), xi,17,(0.19), ai,8,(0.09)
177, us,9,(0.1), yc,10,(0.11), au,16,(0.18), da,8,(0.09)
178, af,8,(0.09), ym,10,(0.11), az,16,(0.18), hi,8,(0.09)
179, dy,8,(0.09), ek,9,(0.1), bu,16,(0.18), ho,8,(0.09)
180, gh,8,(0.09), ga,9,(0.1), lu,16,(0.18), wl,8,(0.09)
181, gn,8,(0.09), gl,9,(0.1), ph,16,(0.18), wy,8,(0.09)
182, ic,8,(0.09), ka,9,(0.1), so,16,(0.18), ab,7,(0.08)
183, ky,8,(0.09), ly,9,(0.1), ub,16,(0.18), ei,7,(0.08)
184, og,8,(0.09), ns,9,(0.1), bl,15,(0.17), gi,7,(0.08)
185, ox,8,(0.09), nu,9,(0.1), ho,15,(0.17), ig,7,(0.08)
186, rh,8,(0.09), ss,9,(0.1), lc,15,(0.17), lk,7,(0.08)
187, yi,8,(0.09), vi,9,(0.1), ob,15,(0.17), ni,7,(0.08)
188, za,8,(0.09), yi,9,(0.1), of,15,(0.17), ob,7,(0.08)
189, dh,7,(0.08), ci,8,(0.09), wl,15,(0.17), of,7,(0.08)
190, eg,7,(0.08), nl,8,(0.09), lv,14,(0.16), rr,7,(0.08)
191, ey,7,(0.08), nn,8,(0.09), rv,14,(0.16), sk,7,(0.08)
192, is,7,(0.08), sk,8,(0.09), tu,14,(0.16), xy,7,(0.08)
193, om,7,(0.08), va,8,(0.09), br,13,(0.15), ec,6,(0.07)
194, on,7,(0.08), yk,8,(0.09), ci,13,(0.15), ef,6,(0.07)
195, ps,7,(0.08), yo,8,(0.09), ha,13,(0.15), gn,6,(0.07)
196, sq,7,(0.08), aa,7,(0.08), rp,13,(0.15), lm,6,(0.07)
197, xe,7,(0.08), be,7,(0.08), wi,13,(0.15), og,6,(0.07)
198, by,6,(0.07), ce,7,(0.08), wn,13,(0.15), oi,6,(0.07)
199, kl,6,(0.07), dd,7,(0.08), ya,13,(0.15), ou,6,(0.07)
200, of,6,(0.07), de,7,(0.08), zz,13,(0.15), pi,6,(0.07)
201, oo,6,(0.07), ez,7,(0.08), ct,12,(0.13), rf,6,(0.07)
202, wy,6,(0.07), gg,7,(0.08), dr,12,(0.13), si,6,(0.07)
203, xy,6,(0.07), gi,7,(0.08), ef,12,(0.13), tt,6,(0.07)
204, ae,5,(0.06), lg,7,(0.08), ei,12,(0.13), ud,6,(0.07)
205, dw,5,(0.06), nf,7,(0.08), ki,12,(0.13), ye,6,(0.07)
206, eb,5,(0.06), rr,7,(0.08), lf,12,(0.13), ag,5,(0.06)
207, ec,5,(0.06), vo,7,(0.08), mu,12,(0.13), eb,5,(0.06)
208, io,5,(0.06), bb,6,(0.07), ua,12,(0.13), fa,5,(0.06)
209, os,5,(0.06), eh,6,(0.07), ui,12,(0.13), if,5,(0.06)
210, ow,5,(0.06), ge,6,(0.07), vo,12,(0.13), ii,5,(0.06)
211, ts,5,(0.06), ld,6,(0.07), yo,12,(0.13), ji,5,(0.06)
212, vu,5,(0.06), lm,6,(0.07), cc,11,(0.12), ox,5,(0.06)
213, ah,4,(0.04), nk,6,(0.07), dl,11,(0.12), sp,5,(0.06)
214, ei,4,(0.04), ph,6,(0.07), du,11,(0.12), vo,5,(0.06)
215, oi,4,(0.04), pp,6,(0.07), ek,11,(0.12), ya,5,(0.06)
216, ok,4,(0.04), rs,6,(0.07), pl,11,(0.12), zo,5,(0.06)
217, ot,4,(0.04), sa,6,(0.07), tl,11,(0.12), zz,5,(0.06)
218, ry,4,(0.04), st,6,(0.07), uf,11,(0.12), af,4,(0.04)
219, aa,3,(0.03), th,6,(0.07), uk,11,(0.12), fe,4,(0.04)
220, ak,3,(0.03), tt,6,(0.07), cr,10,(0.11), hu,4,(0.04)
221, bh,3,(0.03), ty,6,(0.07), eu,10,(0.11), ja,4,(0.04)
222, eq,3,(0.03), ye,6,(0.07), ev,10,(0.11), lp,4,(0.04)
223, fy,3,(0.03), zo,6,(0.07), ey,10,(0.11), oe,4,(0.04)
224, ig,3,(0.03), du,5,(0.06), gl,10,(0.11), po,4,(0.04)
225, it,3,(0.03), dy,5,(0.06), ik,10,(0.11), rb,4,(0.04)
226, iv,3,(0.03), lt,5,(0.06), ov,10,(0.11), tu,4,(0.04)
227, ix,3,(0.03), mm,5,(0.06), oz,10,(0.11), ua,4,(0.04)
228, ny,3,(0.03), nb,5,(0.06), sp,10,(0.11), ub,4,(0.04)
229, oh,3,(0.03), rb,5,(0.06), zo,10,(0.11), ug,4,(0.04)
230, qa,3,(0.03), rm,5,(0.06), ab,9,(0.1), du,3,(0.03)
231, ut,3,(0.03), sh,5,(0.06), ah,9,(0.1), eg,3,(0.03)
232, uv,3,(0.03), uj,5,(0.06), eb,9,(0.1), fo,3,(0.03)
233, vr,3,(0.03), bi,4,(0.04), ka,9,(0.1), ki,3,(0.03)
234, wu,3,(0.03), dm,4,(0.04), rf,9,(0.1), nc,3,(0.03)
235, aj,2,(0.02), ff,4,(0.04), ts,9,(0.1), oc,3,(0.03)
236, aq,2,(0.02), go,4,(0.04), zi,9,(0.1), vi,3,(0.03)
237, ay,2,(0.02), gr,4,(0.04), eg,8,(0.09), vs,3,(0.03)
238, dj,2,(0.02), hl,4,(0.04), ib,8,(0.09), ao,2,(0.02)
239, fj,2,(0.02), ko,4,(0.04), ls,8,(0.09), dt,2,(0.02)
240, ia,2,(0.02), ku,4,(0.04), ym,8,(0.09), eu,2,(0.02)
241, ik,2,(0.02), ln,4,(0.04), iz,7,(0.08), ib,2,(0.02)
242, kv,2,(0.02), mu,4,(0.04), ja,7,(0.08), iz,2,(0.02)
243, ll,2,(0.02), nm,4,(0.04), jo,7,(0.08), je,2,(0.02)
244, ud,2,(0.02), np,4,(0.04), ps,7,(0.08), jo,2,(0.02)
245, zl,2,(0.02), nr,4,(0.04), qu,7,(0.08), ku,2,(0.02)
246, ao,1,(0.01), nv,4,(0.04), sc,7,(0.08), oa,2,(0.02)
247, bw,1,(0.01), nw,4,(0.04), su,7,(0.08), pu,2,(0.02)
248, cn,1,(0.01), oj,4,(0.04), wk,7,(0.08), ru,2,(0.02)
249, cz,1,(0.01), pl,4,(0.04), ws,7,(0.08), ui,2,(0.02)
250, ee,1,(0.01), ps,4,(0.04), ae,6,(0.07), uk,2,(0.02)
251, ej,1,(0.01), pt,4,(0.04), eo,6,(0.07), ux,2,(0.02)
252, ek,1,(0.01), rc,4,(0.04), fa,6,(0.07), wa,2,(0.02)
253, eo,1,(0.01), rd,4,(0.04), gm,6,(0.07), we,2,(0.02)
254, eu,1,(0.01), rl,4,(0.04), hi,6,(0.07), yd,2,(0.02)
255, ew,1,(0.01), rt,4,(0.04), ko,6,(0.07), yn,2,(0.02)
256, gw,1,(0.01), sc,4,(0.04), ku,6,(0.07), zu,2,(0.02)
257, ih,1,(0.01), sp,4,(0.04), lg,6,(0.07), aq,1,(0.01)
258, iz,1,(0.01), su,4,(0.04), ly,6,(0.07), au,1,(0.01)
259, jn,1,(0.01), ux,4,(0.04), nz,6,(0.07), av,1,(0.01)
260, kb,1,(0.01), uy,4,(0.04), oy,6,(0.07), az,1,(0.01)
261, lw,1,(0.01), xe,4,(0.04), pu,6,(0.07), bt,1,(0.01)
262, mb,1,(0.01), xo,4,(0.04), wd,6,(0.07), bu,1,(0.01)
263, ng,1,(0.01), xt,4,(0.04), wt,6,(0.07), dd,1,(0.01)
264, oy,1,(0.01), za,4,(0.04), xt,6,(0.07), eh,1,(0.01)
265, oz,1,(0.01), ao,3,(0.03), za,6,(0.07), ev,1,(0.01)
266, qo,1,(0.01), bl,3,(0.03), cl,5,(0.06), fi,1,(0.01)
267, tz,1,(0.01), bu,3,(0.03), gn,5,(0.06), fu,1,(0.01)
268, uh,1,(0.01), by,3,(0.03), hr,5,(0.06), gg,1,(0.01)
269, uk,1,(0.01), ck,3,(0.03), ji,5,(0.06), hm,1,(0.01)
270, vy,1,(0.01), da,3,(0.03), kk,5,(0.06), hn,1,(0.01)
271, yc,1,(0.01), dg,3,(0.03), nj,5,(0.06), jd,1,(0.01)
272, yl,1,(0.01), dl,3,(0.03), pt,5,(0.06), lf,1,(0.01)
273, zu,1,(0.01), ey,3,(0.03), xa,5,(0.06), ln,1,(0.01)
274, zy,1,(0.01), fo,3,(0.03), yp,5,(0.06), lu,1,(0.01)
275,,,, ft,3,(0.03), ys,5,(0.06), md,1,(0.01)
276,,,, ij,3,(0.03), aa,4,(0.04), nn,1,(0.01)
277,,,, ji,3,(0.03), ao,4,(0.04), nq,1,(0.01)
278,,,, lb,3,(0.03), by,4,(0.04), nu,1,(0.01)
279,,,, lk,3,(0.03), dh,4,(0.04), oz,1,(0.01)
280,,,, lv,3,(0.03), ds,4,(0.04), qa,1,(0.01)
281,,,, mn,3,(0.03), fu,4,(0.04), rg,1,(0.01)
282,,,, my,3,(0.03), gr,4,(0.04), rh,1,(0.01)
283,,,, rp,3,(0.03), hl,4,(0.04), sz,1,(0.01)
284,,,, rv,3,(0.03), hu,4,(0.04), uw,1,(0.01)
285,,,, si,3,(0.03), iu,4,(0.04), uy,1,(0.01)
286,,,, sl,3,(0.03), je,4,(0.04), uz,1,(0.01)
287,,,, so,3,(0.03), lb,4,(0.04), wd,1,(0.01)
288,,,, uh,3,(0.03), tz,4,(0.04), wm,1,(0.01)
289,,,, wn,3,(0.03), uo,4,(0.04), wp,1,(0.01)
290,,,, xa,3,(0.03), uz,4,(0.04), xt,1,(0.01)
291,,,, xl,3,(0.03), vv,4,(0.04), ym,1,(0.01)
292,,,, xp,3,(0.03), yi,4,(0.04), yp,1,(0.01)
293,,,, xu,3,(0.03), ax,3,(0.03), yr,1,(0.01)
294,,,, yb,3,(0.03), dj,3,(0.03), yt,1,(0.01)
295,,,, yd,3,(0.03), fo,3,(0.03), yu,1,(0.01)
296,,,, yx,3,(0.03), mn,3,(0.03), yx,1,(0.01)
297,,,, zi,3,(0.03), my,3,(0.03), zh,1,(0.01)
298,,,, aq,2,(0.02), nl,3,(0.03), zi,1,(0.01)
299,,,, cl,2,(0.02), nr,3,(0.03),,,
300,,,, cm,2,(0.02), ny,3,(0.03),,,
301,,,, cn,2,(0.02), oh,3,(0.03),,,
302,,,, dz,2,(0.02), oj,3,(0.03),,,
303,,,, fa,2,(0.02), ox,3,(0.03),,,
304,,,, gh,2,(0.02), pr,3,(0.03),,,
305,,,, ih,2,(0.02), rz,3,(0.03),,,
306,,,, iq,2,(0.02), sl,3,(0.03),,,
307,,,, iw,2,(0.02), sm,3,(0.03),,,
308,,,, je,2,(0.02), ty,3,(0.03),,,
309,,,, ky,2,(0.02), vu,3,(0.03),,,
310,,,, lc,2,(0.02), xo,3,(0.03),,,
311,,,, lf,2,(0.02), xu,3,(0.03),,,
312,,,, lp,2,(0.02), yt,3,(0.03),,,
313,,,, nh,2,(0.02), dz,2,(0.02),,,
314,,,, nj,2,(0.02), eh,2,(0.02),,,
315,,,, ny,2,(0.02), ez,2,(0.02),,,
316,,,, nz,2,(0.02), fl,2,(0.02),,,
317,,,, oq,2,(0.02), fr,2,(0.02),,,
318,,,, pb,2,(0.02), hn,2,(0.02),,,
319,,,, pd,2,(0.02), iy,2,(0.02),,,
320,,,, rn,2,(0.02), kh,2,(0.02),,,
321,,,, se,2,(0.02), kl,2,(0.02),,,
322,,,, sm,2,(0.02), kr,2,(0.02),,,
323,,,, sn,2,(0.02), ky,2,(0.02),,,
324,,,, sy,2,(0.02), mf,2,(0.02),,,
325,,,, tm,2,(0.02), mk,2,(0.02),,,
326,,,, uv,2,(0.02), ry,2,(0.02),,,
327,,,, vu,2,(0.02), sb,2,(0.02),,,
328,,,, xm,2,(0.02), uv,2,(0.02),,,
329,,,, yv,2,(0.02), uy,2,(0.02),,,
330,,,, zu,2,(0.02), wf,2,(0.02),,,
331,,,, bh,1,(0.01), wo,2,(0.02),,,
332,,,, bj,1,(0.01), wp,2,(0.02),,,
333,,,, bm,1,(0.01), wr,2,(0.02),,,
334,,,, br,1,(0.01), yb,2,(0.02),,,
335,,,, cc,1,(0.01), yd,2,(0.02),,,
336,,,, cy,1,(0.01), yu,2,(0.02),,,
337,,,, ej,1,(0.01), bk,1,(0.01),,,
338,,,, fi,1,(0.01), bs,1,(0.01),,,
339,,,, fr,1,(0.01), bt,1,(0.01),,,
340,,,, gm,1,(0.01), dk,1,(0.01),,,
341,,,, gu,1,(0.01), dt,1,(0.01),,,
342,,,, gw,1,(0.01), dy,1,(0.01),,,
343,,,, hm,1,(0.01), ex,1,(0.01),,,
344,,,, hp,1,(0.01), gb,1,(0.01),,,
345,,,, ht,1,(0.01), gs,1,(0.01),,,
346,,,, hw,1,(0.01), hm,1,(0.01),,,
347,,,, ii,1,(0.01), ht,1,(0.01),,,
348,,,, iy,1,(0.01), hw,1,(0.01),,,
349,,,, jo,1,(0.01), hy,1,(0.01),,,
350,,,, ju,1,(0.01), ii,1,(0.01),,,
351,,,, kr,1,(0.01), ix,1,(0.01),,,
352,,,, lw,1,(0.01), jj,1,(0.01),,,
353,,,, mc,1,(0.01), jr,1,(0.01),,,
354,,,, pn,1,(0.01), ju,1,(0.01),,,
355,,,, rh,1,(0.01), kf,1,(0.01),,,
356,,,, rk,1,(0.01), ln,1,(0.01),,,
357,,,, rw,1,(0.01), lz,1,(0.01),,,
358,,,, rz,1,(0.01), mh,1,(0.01),,,
359,,,, sb,1,(0.01), ml,1,(0.01),,,
360,,,, sd,1,(0.01), mt,1,(0.01),,,
361,,,, sq,1,(0.01), mz,1,(0.01),,,
362,,,, tc,1,(0.01), nh,1,(0.01),,,
363,,,, tl,1,(0.01), pj,1,(0.01),,,
364,,,, tn,1,(0.01), qi,1,(0.01),,,
365,,,, tw,1,(0.01), rq,1,(0.01),,,
366,,,, uq,1,(0.01), sd,1,(0.01),,,
367,,,, vg,1,(0.01), sn,1,(0.01),,,
368,,,, wf,1,(0.01), tb,1,(0.01),,,
369,,,, wl,1,(0.01), td,1,(0.01),,,
370,,,, ws,1,(0.01), tg,1,(0.01),,,
371,,,, wu,1,(0.01), tk,1,(0.01),,,
372,,,, wy,1,(0.01), tw,1,(0.01),,,
373,,,, xb,1,(0.01), uj,1,(0.01),,,
374,,,, xc,1,(0.01), vr,1,(0.01),,,
375,,,, yg,1,(0.01), xl,1,(0.01),,,
376,,,, yw,1,(0.01), xm,1,(0.01),,,
377,,,, zl,1,(0.01), xy,1,(0.01),,,
378,,,,,,, yc,1,(0.01),,,
379,,,,,,, zm,1,(0.01),,,
380,,,,,,, zy,1,(0.01),,,
